{"0tSHRZ6WiDqYRdret9RNKg==":"imagem-736x552.jpg","bFJDm48eEkFlcIkgp+jRag==":"estudiosparasitologia-500x233.jpg","WtcVppItS+sgNj/Tbpu7sg==":"473462-small%5B12%5D-750x387.jpg","q33BVCr4jsDYZE7cmqIxBw==":"imunologia-biomedicina-400x300.jpg","A42c+eOmt66lP/btPeUv0A==":"parasitologia-118x110.jpg","c8C1kc3ZY+r1nkDARzUqGA==":"download-259x194.jpg","xwFV5oSxWTyXpRut5oJTEg==":"images-297x170.jpg","k4l2UwdD4qHJ6O2T+70Xrw==":"download%20(1)-225x225.jpg","C6akL9bp4N8SyTieOwRL+Q==":"download%20(2)-367x137.jpg","wT3Kyib8+ZhZJC3X+SG0nw==":"download%20(3)-232x217.jpg","5yAcb8QAvR8lHImczdzPpA==":"images%20(1)-241x209.jpg","2nB5GmnswrYvAuYqIVqOHQ==":"images%20(2)-300x168.jpg","NAcgiAXLv4OUreMKA9QXzA==":"gota-thumbs-560x400.jpg","13asS9wgg4e8q9/pJ3HgGg==":"maxresdefault-2000x1500.jpg","ySgDlnIANe90nM+/a/PwCw==":"ge_18_high-1527x992.jpg","ibfuCe+XIEGbVZRjjKKFIg==":"doencaautoimune-748x424.jpg"}